--
-- PostgreSQL database dump
--

-- Dumped from database version 15.4
-- Dumped by pg_dump version 15.4

SET statement_timeout = 0;
SET lock_timeout = 0;
SET idle_in_transaction_session_timeout = 0;
SET client_encoding = 'UTF8';
SET standard_conforming_strings = on;
SELECT pg_catalog.set_config('search_path', '', false);
SET check_function_bodies = false;
SET xmloption = content;
SET client_min_messages = warning;
SET row_security = off;

SET default_tablespace = '';

SET default_table_access_method = heap;

--
-- Name: auth_group; Type: TABLE; Schema: public; Owner: deopi
--

CREATE TABLE public.auth_group (
    id integer NOT NULL,
    name character varying(150) NOT NULL
);


ALTER TABLE public.auth_group OWNER TO deopi;

--
-- Name: auth_group_id_seq; Type: SEQUENCE; Schema: public; Owner: deopi
--

ALTER TABLE public.auth_group ALTER COLUMN id ADD GENERATED BY DEFAULT AS IDENTITY (
    SEQUENCE NAME public.auth_group_id_seq
    START WITH 1
    INCREMENT BY 1
    NO MINVALUE
    NO MAXVALUE
    CACHE 1
);


--
-- Name: auth_group_permissions; Type: TABLE; Schema: public; Owner: deopi
--

CREATE TABLE public.auth_group_permissions (
    id bigint NOT NULL,
    group_id integer NOT NULL,
    permission_id integer NOT NULL
);


ALTER TABLE public.auth_group_permissions OWNER TO deopi;

--
-- Name: auth_group_permissions_id_seq; Type: SEQUENCE; Schema: public; Owner: deopi
--

ALTER TABLE public.auth_group_permissions ALTER COLUMN id ADD GENERATED BY DEFAULT AS IDENTITY (
    SEQUENCE NAME public.auth_group_permissions_id_seq
    START WITH 1
    INCREMENT BY 1
    NO MINVALUE
    NO MAXVALUE
    CACHE 1
);


--
-- Name: auth_permission; Type: TABLE; Schema: public; Owner: deopi
--

CREATE TABLE public.auth_permission (
    id integer NOT NULL,
    name character varying(255) NOT NULL,
    content_type_id integer NOT NULL,
    codename character varying(100) NOT NULL
);


ALTER TABLE public.auth_permission OWNER TO deopi;

--
-- Name: auth_permission_id_seq; Type: SEQUENCE; Schema: public; Owner: deopi
--

ALTER TABLE public.auth_permission ALTER COLUMN id ADD GENERATED BY DEFAULT AS IDENTITY (
    SEQUENCE NAME public.auth_permission_id_seq
    START WITH 1
    INCREMENT BY 1
    NO MINVALUE
    NO MAXVALUE
    CACHE 1
);


--
-- Name: authtoken_token; Type: TABLE; Schema: public; Owner: deopi
--

CREATE TABLE public.authtoken_token (
    key character varying(40) NOT NULL,
    created timestamp with time zone NOT NULL,
    user_id bigint NOT NULL
);


ALTER TABLE public.authtoken_token OWNER TO deopi;

--
-- Name: django_admin_log; Type: TABLE; Schema: public; Owner: deopi
--

CREATE TABLE public.django_admin_log (
    id integer NOT NULL,
    action_time timestamp with time zone NOT NULL,
    object_id text,
    object_repr character varying(200) NOT NULL,
    action_flag smallint NOT NULL,
    change_message text NOT NULL,
    content_type_id integer,
    user_id bigint NOT NULL,
    CONSTRAINT django_admin_log_action_flag_check CHECK ((action_flag >= 0))
);


ALTER TABLE public.django_admin_log OWNER TO deopi;

--
-- Name: django_admin_log_id_seq; Type: SEQUENCE; Schema: public; Owner: deopi
--

ALTER TABLE public.django_admin_log ALTER COLUMN id ADD GENERATED BY DEFAULT AS IDENTITY (
    SEQUENCE NAME public.django_admin_log_id_seq
    START WITH 1
    INCREMENT BY 1
    NO MINVALUE
    NO MAXVALUE
    CACHE 1
);


--
-- Name: django_content_type; Type: TABLE; Schema: public; Owner: deopi
--

CREATE TABLE public.django_content_type (
    id integer NOT NULL,
    app_label character varying(100) NOT NULL,
    model character varying(100) NOT NULL
);


ALTER TABLE public.django_content_type OWNER TO deopi;

--
-- Name: django_content_type_id_seq; Type: SEQUENCE; Schema: public; Owner: deopi
--

ALTER TABLE public.django_content_type ALTER COLUMN id ADD GENERATED BY DEFAULT AS IDENTITY (
    SEQUENCE NAME public.django_content_type_id_seq
    START WITH 1
    INCREMENT BY 1
    NO MINVALUE
    NO MAXVALUE
    CACHE 1
);


--
-- Name: django_migrations; Type: TABLE; Schema: public; Owner: deopi
--

CREATE TABLE public.django_migrations (
    id bigint NOT NULL,
    app character varying(255) NOT NULL,
    name character varying(255) NOT NULL,
    applied timestamp with time zone NOT NULL
);


ALTER TABLE public.django_migrations OWNER TO deopi;

--
-- Name: django_migrations_id_seq; Type: SEQUENCE; Schema: public; Owner: deopi
--

ALTER TABLE public.django_migrations ALTER COLUMN id ADD GENERATED BY DEFAULT AS IDENTITY (
    SEQUENCE NAME public.django_migrations_id_seq
    START WITH 1
    INCREMENT BY 1
    NO MINVALUE
    NO MAXVALUE
    CACHE 1
);


--
-- Name: django_session; Type: TABLE; Schema: public; Owner: deopi
--

CREATE TABLE public.django_session (
    session_key character varying(40) NOT NULL,
    session_data text NOT NULL,
    expire_date timestamp with time zone NOT NULL
);


ALTER TABLE public.django_session OWNER TO deopi;

--
-- Name: products_cartitem; Type: TABLE; Schema: public; Owner: deopi
--

CREATE TABLE public.products_cartitem (
    id uuid NOT NULL,
    quantity integer NOT NULL,
    product_id uuid,
    user_id bigint,
    CONSTRAINT products_cartitem_quantity_check CHECK ((quantity >= 0))
);


ALTER TABLE public.products_cartitem OWNER TO deopi;

--
-- Name: products_favorite; Type: TABLE; Schema: public; Owner: deopi
--

CREATE TABLE public.products_favorite (
    id uuid NOT NULL,
    product_id uuid,
    user_id bigint
);


ALTER TABLE public.products_favorite OWNER TO deopi;

--
-- Name: products_order; Type: TABLE; Schema: public; Owner: deopi
--

CREATE TABLE public.products_order (
    id uuid NOT NULL,
    order_date timestamp with time zone NOT NULL,
    status character varying(30),
    customer_id bigint
);


ALTER TABLE public.products_order OWNER TO deopi;

--
-- Name: products_orderitem; Type: TABLE; Schema: public; Owner: deopi
--

CREATE TABLE public.products_orderitem (
    id uuid NOT NULL,
    quantity integer NOT NULL,
    order_id uuid,
    product_id uuid,
    CONSTRAINT products_orderitem_quantity_check CHECK ((quantity >= 0))
);


ALTER TABLE public.products_orderitem OWNER TO deopi;

--
-- Name: products_product; Type: TABLE; Schema: public; Owner: deopi
--

CREATE TABLE public.products_product (
    id uuid NOT NULL,
    title character varying(50) NOT NULL,
    description text NOT NULL,
    content text NOT NULL,
    category character varying(30) NOT NULL,
    price numeric(7,2) NOT NULL,
    image character varying(100),
    pub_date timestamp with time zone NOT NULL
);


ALTER TABLE public.products_product OWNER TO deopi;

--
-- Name: users_customuser; Type: TABLE; Schema: public; Owner: deopi
--

CREATE TABLE public.users_customuser (
    password character varying(128) NOT NULL,
    last_login timestamp with time zone,
    is_superuser boolean NOT NULL,
    username character varying(150) NOT NULL,
    first_name character varying(150) NOT NULL,
    last_name character varying(150) NOT NULL,
    email character varying(254) NOT NULL,
    is_staff boolean NOT NULL,
    is_active boolean NOT NULL,
    date_joined timestamp with time zone NOT NULL,
    id bigint NOT NULL,
    profile_picture character varying(100)
);


ALTER TABLE public.users_customuser OWNER TO deopi;

--
-- Name: users_customuser_groups; Type: TABLE; Schema: public; Owner: deopi
--

CREATE TABLE public.users_customuser_groups (
    id bigint NOT NULL,
    customuser_id bigint NOT NULL,
    group_id integer NOT NULL
);


ALTER TABLE public.users_customuser_groups OWNER TO deopi;

--
-- Name: users_customuser_groups_id_seq; Type: SEQUENCE; Schema: public; Owner: deopi
--

ALTER TABLE public.users_customuser_groups ALTER COLUMN id ADD GENERATED BY DEFAULT AS IDENTITY (
    SEQUENCE NAME public.users_customuser_groups_id_seq
    START WITH 1
    INCREMENT BY 1
    NO MINVALUE
    NO MAXVALUE
    CACHE 1
);


--
-- Name: users_customuser_user_permissions; Type: TABLE; Schema: public; Owner: deopi
--

CREATE TABLE public.users_customuser_user_permissions (
    id bigint NOT NULL,
    customuser_id bigint NOT NULL,
    permission_id integer NOT NULL
);


ALTER TABLE public.users_customuser_user_permissions OWNER TO deopi;

--
-- Name: users_customuser_user_permissions_id_seq; Type: SEQUENCE; Schema: public; Owner: deopi
--

ALTER TABLE public.users_customuser_user_permissions ALTER COLUMN id ADD GENERATED BY DEFAULT AS IDENTITY (
    SEQUENCE NAME public.users_customuser_user_permissions_id_seq
    START WITH 1
    INCREMENT BY 1
    NO MINVALUE
    NO MAXVALUE
    CACHE 1
);


--
-- Data for Name: auth_group; Type: TABLE DATA; Schema: public; Owner: deopi
--

COPY public.auth_group (id, name) FROM stdin;
1	StaffMembers
\.


--
-- Data for Name: auth_group_permissions; Type: TABLE DATA; Schema: public; Owner: deopi
--

COPY public.auth_group_permissions (id, group_id, permission_id) FROM stdin;
1	1	1
2	1	2
3	1	3
4	1	4
5	1	5
6	1	6
7	1	7
8	1	8
9	1	9
10	1	10
11	1	11
12	1	12
13	1	13
14	1	14
15	1	15
16	1	16
17	1	29
18	1	30
19	1	31
20	1	32
21	1	33
22	1	34
23	1	35
24	1	36
25	1	37
26	1	38
27	1	39
28	1	40
29	1	41
30	1	42
31	1	43
32	1	44
33	1	45
34	1	46
35	1	47
36	1	48
\.


--
-- Data for Name: auth_permission; Type: TABLE DATA; Schema: public; Owner: deopi
--

COPY public.auth_permission (id, name, content_type_id, codename) FROM stdin;
1	Can add custom user	1	add_customuser
2	Can change custom user	1	change_customuser
3	Can delete custom user	1	delete_customuser
4	Can view custom user	1	view_customuser
5	Can add Token	2	add_token
6	Can change Token	2	change_token
7	Can delete Token	2	delete_token
8	Can view Token	2	view_token
9	Can add token	3	add_tokenproxy
10	Can change token	3	change_tokenproxy
11	Can delete token	3	delete_tokenproxy
12	Can view token	3	view_tokenproxy
13	Can add log entry	4	add_logentry
14	Can change log entry	4	change_logentry
15	Can delete log entry	4	delete_logentry
16	Can view log entry	4	view_logentry
17	Can add permission	5	add_permission
18	Can change permission	5	change_permission
19	Can delete permission	5	delete_permission
20	Can view permission	5	view_permission
21	Can add group	6	add_group
22	Can change group	6	change_group
23	Can delete group	6	delete_group
24	Can view group	6	view_group
25	Can add content type	7	add_contenttype
26	Can change content type	7	change_contenttype
27	Can delete content type	7	delete_contenttype
28	Can view content type	7	view_contenttype
29	Can add order	8	add_order
30	Can change order	8	change_order
31	Can delete order	8	delete_order
32	Can view order	8	view_order
33	Can add product	9	add_product
34	Can change product	9	change_product
35	Can delete product	9	delete_product
36	Can view product	9	view_product
37	Can add order item	10	add_orderitem
38	Can change order item	10	change_orderitem
39	Can delete order item	10	delete_orderitem
40	Can view order item	10	view_orderitem
41	Can add favorite	11	add_favorite
42	Can change favorite	11	change_favorite
43	Can delete favorite	11	delete_favorite
44	Can view favorite	11	view_favorite
45	Can add cart item	12	add_cartitem
46	Can change cart item	12	change_cartitem
47	Can delete cart item	12	delete_cartitem
48	Can view cart item	12	view_cartitem
49	Can add session	13	add_session
50	Can change session	13	change_session
51	Can delete session	13	delete_session
52	Can view session	13	view_session
\.


--
-- Data for Name: authtoken_token; Type: TABLE DATA; Schema: public; Owner: deopi
--

COPY public.authtoken_token (key, created, user_id) FROM stdin;
\.


--
-- Data for Name: django_admin_log; Type: TABLE DATA; Schema: public; Owner: deopi
--

COPY public.django_admin_log (id, action_time, object_id, object_repr, action_flag, change_message, content_type_id, user_id) FROM stdin;
1	2023-08-27 21:12:22.547959+03	ec1810e6-4d80-4cf7-a921-1c408c86a4f0	Product object (ec1810e6-4d80-4cf7-a921-1c408c86a4f0)	3		9	961801227730
2	2023-08-27 21:12:22.55751+03	e7bb14fd-9698-4c0e-beb4-e28e9f58caa9	Product object (e7bb14fd-9698-4c0e-beb4-e28e9f58caa9)	3		9	961801227730
3	2023-08-27 21:12:22.558508+03	c4614172-263c-4dfe-a120-ae197edc1192	Product object (c4614172-263c-4dfe-a120-ae197edc1192)	3		9	961801227730
4	2023-08-27 21:12:22.56001+03	c0c24c75-7c08-4b3c-8709-92d7930f37b1	Product object (c0c24c75-7c08-4b3c-8709-92d7930f37b1)	3		9	961801227730
5	2023-08-27 21:12:22.56101+03	b507d781-c983-4120-b0b6-b73e59edf24c	Product object (b507d781-c983-4120-b0b6-b73e59edf24c)	3		9	961801227730
6	2023-08-27 21:12:22.562095+03	77cac7e3-9fa5-4beb-bb46-cd7da3adba3c	Product object (77cac7e3-9fa5-4beb-bb46-cd7da3adba3c)	3		9	961801227730
7	2023-08-27 21:12:22.562095+03	77c05a13-6c2e-47bf-bd77-2a2a6fa789c2	Product object (77c05a13-6c2e-47bf-bd77-2a2a6fa789c2)	3		9	961801227730
8	2023-08-27 21:12:22.5631+03	774719d3-0058-41ee-b6a7-7623c5895d66	Product object (774719d3-0058-41ee-b6a7-7623c5895d66)	3		9	961801227730
9	2023-08-27 21:12:22.563914+03	5437eb91-a544-4020-849e-f0267f61ab7f	Product object (5437eb91-a544-4020-849e-f0267f61ab7f)	3		9	961801227730
10	2023-08-27 21:12:22.564919+03	4e969120-796e-4bfe-90eb-17d0dcff82b5	Product object (4e969120-796e-4bfe-90eb-17d0dcff82b5)	3		9	961801227730
11	2023-08-27 21:12:22.565914+03	4b750b63-93cc-4c19-95a9-68a33b1f0840	Product object (4b750b63-93cc-4c19-95a9-68a33b1f0840)	3		9	961801227730
12	2023-08-27 21:12:22.565914+03	30426969-92f5-4b05-867b-53e5b59cd7d8	Product object (30426969-92f5-4b05-867b-53e5b59cd7d8)	3		9	961801227730
13	2023-08-27 21:12:22.566915+03	1c17438a-347c-44a7-a5f0-05f96e534507	Product object (1c17438a-347c-44a7-a5f0-05f96e534507)	3		9	961801227730
14	2023-08-27 21:12:22.567909+03	1bc4e36b-8ccb-442f-b452-74f0f7c20ea3	Product object (1bc4e36b-8ccb-442f-b452-74f0f7c20ea3)	3		9	961801227730
15	2023-08-27 21:12:22.568906+03	14596402-9996-42df-a9a7-0d43be50a9b0	Product object (14596402-9996-42df-a9a7-0d43be50a9b0)	3		9	961801227730
16	2023-08-27 21:12:22.569901+03	0b955892-0a8c-441b-ac3c-f73f49deb906	Product object (0b955892-0a8c-441b-ac3c-f73f49deb906)	3		9	961801227730
17	2023-08-27 21:12:22.569901+03	0116074d-2598-465a-a04c-2c6ad40c8302	Product object (0116074d-2598-465a-a04c-2c6ad40c8302)	3		9	961801227730
18	2023-08-29 17:55:03.6012+03	1	StaffMembers	1	[{"added": {}}]	6	961801227730
19	2023-08-29 17:56:26.032294+03	1	staff	1	[{"added": {}}]	1	961801227730
20	2023-09-01 13:24:00.345982+03	fef60cd0-84e7-4e07-8843-08164f93158a	Product object (fef60cd0-84e7-4e07-8843-08164f93158a)	2	[{"changed": {"fields": ["Description", "Image"]}}]	9	961801227730
21	2023-09-01 13:24:17.452971+03	fef60cd0-84e7-4e07-8843-08164f93158a	Product object (fef60cd0-84e7-4e07-8843-08164f93158a)	2	[{"changed": {"fields": ["Image"]}}]	9	961801227730
22	2023-09-01 13:24:42.540094+03	fef60cd0-84e7-4e07-8843-08164f93158a	Product object (fef60cd0-84e7-4e07-8843-08164f93158a)	2	[]	9	961801227730
23	2023-09-01 13:25:07.118234+03	d85e5eb4-8302-42bf-b21b-1572df4e757d	Product object (d85e5eb4-8302-42bf-b21b-1572df4e757d)	2	[{"changed": {"fields": ["Image"]}}]	9	961801227730
24	2023-09-01 13:26:15.22074+03	b8f45176-9c02-4725-8594-8acb41186505	Product object (b8f45176-9c02-4725-8594-8acb41186505)	2	[{"changed": {"fields": ["Description", "Image"]}}]	9	961801227730
25	2023-09-01 13:27:07.211732+03	b3bc5fbc-b6e4-481b-bcf7-64f2ba2ea089	Product object (b3bc5fbc-b6e4-481b-bcf7-64f2ba2ea089)	2	[{"changed": {"fields": ["Description", "Image"]}}]	9	961801227730
26	2023-09-01 13:27:19.486758+03	a51c535d-0e92-4192-889e-e9be9e6fa66e	Product object (a51c535d-0e92-4192-889e-e9be9e6fa66e)	2	[{"changed": {"fields": ["Image"]}}]	9	961801227730
27	2023-09-01 13:27:45.673667+03	78dc6e27-25fa-4368-a453-62d267e82724	Product object (78dc6e27-25fa-4368-a453-62d267e82724)	2	[{"changed": {"fields": ["Description", "Image"]}}]	9	961801227730
28	2023-09-01 13:28:28.205164+03	74143c8c-d2bb-4c34-9e97-43f623168aa8	Product object (74143c8c-d2bb-4c34-9e97-43f623168aa8)	2	[{"changed": {"fields": ["Description", "Image"]}}]	9	961801227730
29	2023-09-01 13:28:49.972399+03	689e5f3a-e9af-4ddf-b063-0c84e3de2521	Product object (689e5f3a-e9af-4ddf-b063-0c84e3de2521)	2	[{"changed": {"fields": ["Image"]}}]	9	961801227730
30	2023-09-01 13:29:04.109174+03	6684206c-b3b2-4ecf-b1cd-36b0fe0f5e90	Product object (6684206c-b3b2-4ecf-b1cd-36b0fe0f5e90)	2	[{"changed": {"fields": ["Image"]}}]	9	961801227730
31	2023-09-01 13:29:28.489564+03	3d36ffdf-1a5f-4066-851a-4aa67f06d688	Product object (3d36ffdf-1a5f-4066-851a-4aa67f06d688)	2	[{"changed": {"fields": ["Description", "Content", "Image"]}}]	9	961801227730
32	2023-09-01 13:29:58.448857+03	357d3b96-11d6-4f4b-9e59-cb7368918e77	Product object (357d3b96-11d6-4f4b-9e59-cb7368918e77)	2	[{"changed": {"fields": ["Image"]}}]	9	961801227730
33	2023-09-01 13:30:20.416643+03	2f56097f-c24a-4f8f-a99c-e8b67520c80a	Product object (2f56097f-c24a-4f8f-a99c-e8b67520c80a)	2	[{"changed": {"fields": ["Description", "Image"]}}]	9	961801227730
34	2023-09-01 13:30:32.983447+03	21c9b01c-66ab-485b-a68a-814bff95ebca	Product object (21c9b01c-66ab-485b-a68a-814bff95ebca)	2	[{"changed": {"fields": ["Description", "Image"]}}]	9	961801227730
35	2023-09-01 13:30:52.410679+03	1fbba21d-d023-46ad-b4b9-2b0028b41968	Product object (1fbba21d-d023-46ad-b4b9-2b0028b41968)	2	[{"changed": {"fields": ["Image"]}}]	9	961801227730
36	2023-09-01 13:31:22.145045+03	1aa353ef-1d0f-4297-8c8b-5e077d924f6e	Product object (1aa353ef-1d0f-4297-8c8b-5e077d924f6e)	2	[{"changed": {"fields": ["Image"]}}]	9	961801227730
37	2023-09-01 13:31:31.848627+03	0fa4ca30-66ea-4ee6-8932-6ca5b3767aa7	Product object (0fa4ca30-66ea-4ee6-8932-6ca5b3767aa7)	2	[{"changed": {"fields": ["Description", "Content", "Image"]}}]	9	961801227730
38	2023-09-01 13:31:44.541692+03	05f3cb87-8d3d-4ee3-8e8a-a65531fca527	Product object (05f3cb87-8d3d-4ee3-8e8a-a65531fca527)	2	[{"changed": {"fields": ["Description", "Image"]}}]	9	961801227730
39	2023-09-01 13:32:11.164256+03	fef60cd0-84e7-4e07-8843-08164f93158a	Product object (fef60cd0-84e7-4e07-8843-08164f93158a)	2	[{"changed": {"fields": ["Image"]}}]	9	961801227730
\.


--
-- Data for Name: django_content_type; Type: TABLE DATA; Schema: public; Owner: deopi
--

COPY public.django_content_type (id, app_label, model) FROM stdin;
1	users	customuser
2	authtoken	token
3	authtoken	tokenproxy
4	admin	logentry
5	auth	permission
6	auth	group
7	contenttypes	contenttype
8	products	order
9	products	product
10	products	orderitem
11	products	favorite
12	products	cartitem
13	sessions	session
\.


--
-- Data for Name: django_migrations; Type: TABLE DATA; Schema: public; Owner: deopi
--

COPY public.django_migrations (id, app, name, applied) FROM stdin;
1	contenttypes	0001_initial	2023-08-27 14:37:00.59946+03
2	contenttypes	0002_remove_content_type_name	2023-08-27 14:37:00.607534+03
3	auth	0001_initial	2023-08-27 14:37:00.672031+03
4	auth	0002_alter_permission_name_max_length	2023-08-27 14:37:00.680626+03
5	auth	0003_alter_user_email_max_length	2023-08-27 14:37:00.688131+03
6	auth	0004_alter_user_username_opts	2023-08-27 14:37:00.688131+03
7	auth	0005_alter_user_last_login_null	2023-08-27 14:37:00.699269+03
8	auth	0006_require_contenttypes_0002	2023-08-27 14:37:00.704056+03
9	auth	0007_alter_validators_add_error_messages	2023-08-27 14:37:00.704056+03
10	auth	0008_alter_user_username_max_length	2023-08-27 14:37:00.712767+03
11	auth	0009_alter_user_last_name_max_length	2023-08-27 14:37:00.715272+03
12	auth	0010_alter_group_name_max_length	2023-08-27 14:37:00.720276+03
13	auth	0011_update_proxy_permissions	2023-08-27 14:37:00.728276+03
14	auth	0012_alter_user_first_name_max_length	2023-08-27 14:37:00.73636+03
15	users	0001_initial	2023-08-27 14:37:00.800611+03
16	admin	0001_initial	2023-08-27 14:37:00.83309+03
17	admin	0002_logentry_remove_auto_add	2023-08-27 14:37:00.841801+03
18	admin	0003_logentry_add_action_flag_choices	2023-08-27 14:37:00.849316+03
19	authtoken	0001_initial	2023-08-27 14:37:00.874031+03
20	authtoken	0002_auto_20160226_1747	2023-08-27 14:37:00.89048+03
21	authtoken	0003_tokenproxy	2023-08-27 14:37:00.89896+03
48	products	0001_initial	2023-08-27 20:57:19.011021+03
49	sessions	0001_initial	2023-08-27 20:57:19.033523+03
50	users	0002_customuser_profile_picture	2023-08-27 20:57:19.039849+03
\.


--
-- Data for Name: django_session; Type: TABLE DATA; Schema: public; Owner: deopi
--

COPY public.django_session (session_key, session_data, expire_date) FROM stdin;
90pgbqj87xzh45miuy5my253udl93o4p	.eJxVjDsOwjAQBe_iGln-rGObkj5niNa7NgkgW8qnQtydREoB5dPMvLcYcFvHYVvyPEwsriJ2OihtjPdWicsvTkjPXA-HH1jvTVKr6zwleSjypIvsG-fX7XT_DkZcxr02MVj2saOCQPvgCM7nDp22kFMopKL10YFmZzwmxwoom1IYAxA5EJ8vgTs6Kg:1qb09L:1R-bouzwRFpDV1dLmnhOUhXjuvOrfcfpdV0DI2mVizM	2023-09-12 17:56:59.047298+03
l91jli3pxvgyoqmn6jjjfkhsqgmeid2y	.eJxVjEEOgjAQRe_StWk6M6WlLt17BjLtjIIaSCisjHcXEha6_Hnv_bfpeF36bq06d4OYs0kBWgeIMZIzp1-cuTx13B158HifbJnGZR6y3RV70Gqvk-jrcrh_Bz3Xfqs93bzkJJBbBgzEJaZMyFkIoo9elVxwigxNEAUk3RYn3yIRlgbM5wuLrDmR:1qc1JH:kjorDpKPGU79x0hAQLmj1Ye-ZMUvrabk7gWNx14DMFQ	2023-09-15 13:23:27.841462+03
\.


--
-- Data for Name: products_cartitem; Type: TABLE DATA; Schema: public; Owner: deopi
--

COPY public.products_cartitem (id, quantity, product_id, user_id) FROM stdin;
\.


--
-- Data for Name: products_favorite; Type: TABLE DATA; Schema: public; Owner: deopi
--

COPY public.products_favorite (id, product_id, user_id) FROM stdin;
\.


--
-- Data for Name: products_order; Type: TABLE DATA; Schema: public; Owner: deopi
--

COPY public.products_order (id, order_date, status, customer_id) FROM stdin;
\.


--
-- Data for Name: products_orderitem; Type: TABLE DATA; Schema: public; Owner: deopi
--

COPY public.products_orderitem (id, quantity, order_id, product_id) FROM stdin;
\.


--
-- Data for Name: products_product; Type: TABLE DATA; Schema: public; Owner: deopi
--

COPY public.products_product (id, title, description, content, category, price, image, pub_date) FROM stdin;
b8f45176-9c02-4725-8594-8acb41186505	Nike Air Force	Верхняя часть кроссовок выполнена из прочной кожи и текстильных материалов, обеспечивая комфорт и поддержку. Они имеют низкую профильную конструкцию, что обеспечивает свободу движений и универсальность в стилизации. Легендарный логотип Nike на язычке и боковой стороне придают этим кроссовкам узнаваемость и статусность.\r\n                        Nike Air 1 оснащены прочной резиновой подошвой, которая обеспечивает отличное сцепление с поверхностью и износостойкость. Они также оснащены технологией амортизации, включая вставку из пеноматериала и воздушные камеры Max Air, которые поглощают удары и обеспечивают дополнительную поддержку во время движения.Эти кроссовки являются иконой спортивной обуви, предлагающей комфорт, поддержку и стиль. Будь вы на тренировке или в повседневных приключениях, Nike Air 1 помогут вам выглядеть модно и чувствовать себя уверенно.	Nike Air Force 1 – это не только стильные кроссовки, но и часть культуры и наследия. Они стали вдохновением для множества художников, музыкантов и модных икон, их приверженцы по достоинству оценили их иконический статус и непревзойденное качество. Покупка Nike Air Force 1 – это инвестиция в стиль и комфорт. Они превосходно подойдут для повседневной носки, тренировок или для создания яркого образа на особые случаи. Ощутите легенду на своих ногах и позвольте Nike Air Force 1 стать неотъемлемой частью вашего гардероба.	Sneakers	99.99	Nike_Air_Force.jpg	2023-08-27 21:12:52.340714+03
2f56097f-c24a-4f8f-a99c-e8b67520c80a	Nike Dunk Low Retro	Верхняя часть кроссовок выполнена из прочной кожи и текстильных материалов, обеспечивая долговечность и комфорт. Они имеют низкую профильную конструкцию, что делает их идеальными для повседневного использования. Логотип Nike на язычке и заднике придают этим кроссовкам фирменный стиль и узнаваемость.\r\n\r\nNike Dunk Low Retro оснащены подошвой с амортизацией, которая обеспечивает комфорт и поддержку во время ходьбы или прыжков. Уникальная подошва с рифленым рисунком протектора обеспечивает отличное сцепление с различными поверхностями и дополнительную износостойкость. Благодаря их универсальному дизайну, они легко сочетаются с различными нарядами, от повседневных до более формальных.	Nike Dunk Low Retro - это возвращение классических и стильных кроссовок, которые завоевали сердца модных ценителей со всего мира. Их иконический дизайн, комфорт и разнообразие цветовых вариантов делают их идеальным выбором для всех, кто хочет добавить уникальный акцент в свой образ.	Sneakers	99.99	Nike_Dunk_Low_Retro.jpg	2023-08-27 21:12:58.711031+03
0fa4ca30-66ea-4ee6-8932-6ca5b3767aa7	Nike Air Max 95	Верхняя часть кроссовок выполнена из прочных материалов, включая сетчатую ткань и натуральную кожу, обеспечивая вам оптимальную вентиляцию и долговечность. Их узнаваемый дизайн включает в себя волнистые панели, отражающие атмосферу динамичности и энергии. Логотип Nike на язычке и заднике придают этим кроссовкам фирменный стиль и узнаваемость.\r\n\r\nКроссовки Nike Air Max 95 оснащены воздушной подушкой Max Air, которая расположена в подошве для обеспечения амортизации и поддержки. Эта технология позволяет вам чувствовать себя комфортно и стабильно во время движения, снижая нагрузку на суставы. Комбинированная подошва с рифленым рисунком протектора обеспечивает отличное сцепление с различными поверхностями и повышенную износостойкость. Будь вы на тренировке или в повседневных прогулках, эти кроссовки прекрасно дополнят ваш образ и добавят уверенности.	Nike Air Max 95 - это эмблематические кроссовки, которые привносят в ваш стиль яркость и инновационный дизайн. Сочетая в себе классические линии и современные технологии, эти кроссовки станут неотъемлемой частью вашей коллекции и обеспечат непревзойденный комфорт.\r\n\r\nВерхняя часть кроссовок выполнена из прочных материалов, включая сетчатую ткань и натуральную кожу, обеспечивая вам оптимальную вентиляцию и долговечность. Их узнаваемый дизайн включает в себя волнистые панели, отражающие атмосферу динамичности и энергии. Логотип Nike на язычке и заднике придают этим кроссовкам фирменный стиль и узнаваемость.	Sneakers	99.99	Nike_Air_Max_95.jpg	2023-08-27 21:12:56.631775+03
3d36ffdf-1a5f-4066-851a-4aa67f06d688	Puma Karmen Shine	Верхняя часть кроссовок выполнена из глянцевой синтетической кожи, создавая элегантный и модный внешний вид. Детали в виде перфорации и контрастных элементов придают этим кроссовкам особый шарм. Логотип Puma на язычке и боковой стороне дополняет общий стиль и подчеркивает принадлежность к популярному бренду.\r\n\r\nPuma Karmen Shine оснащены подошвой из резины, обеспечивающей отличную сцепление с поверхностью и долговечность. Эта подошва также обеспечивает амортизацию и поддержку, чтобы вы могли чувствовать себя комфортно в течение всего дня. Будь вы на прогулке, встрече с друзьями или на особом случае, эти кроссовки станут идеальным дополнением вашего гардероба.	Puma Karmen Shine - это элегантные и стильные кроссовки, которые добавят блеска и изысканности в ваш образ. Сочетание современного дизайна и высококачественных материалов делает их отличным выбором для тех, кто ищет удобство и стиль в одной обуви.\r\n\r\nВерхняя часть кроссовок выполнена из глянцевой синтетической кожи, создавая элегантный и модный внешний вид. Детали в виде перфорации и контрастных элементов придают этим кроссовкам особый шарм. Логотип Puma на язычке и боковой стороне дополняет общий стиль и подчеркивает принадлежность к популярному бренду.	Sneakers	99.99	Puma_Karmen_Shine.jpg	2023-08-27 21:13:00.800011+03
1fbba21d-d023-46ad-b4b9-2b0028b41968	Nike Air Force 1 AN20 (GS) (CT7724-001)	Nike Air Force 1 AN20 обладают промежуточной подошвой из пеноматериала, которая обеспечивает амортизацию и смягчение ударов при ходьбе. В носочной и пяточной части кроссовок расположены воздушные камеры Air-Sole, которые повышают амортизацию и поддержку. Подошва кроссовок имеет рифленый рисунок, который обеспечивает отличное сцепление с поверхностью и устойчивость на различных типах грунта.  Эти кроссовки идеально подходят для повседневной носки, спортивных тренировок или для создания стильных уличных образов. Они легко сочетаются с различными нарядами и подходят для различных сезонов.	Nike Air Force 1 AN20 - это кроссовки, которые сочетают в себе классический стиль и современные технологии. Они обеспечивают комфорт, поддержку и эстетическое удовлетворение, делая их отличным выбором для всех любителей качественной обуви.	Sneakers	99.99	Nike_Air_Force_1_AN20_GS_CT7724-001.webp	2023-08-27 21:13:02.879935+03
d85e5eb4-8302-42bf-b21b-1572df4e757d	Kawaii Anime Girl Harajuku Hoodie	sdfdsfdsfdsfdsfdsfdsf	sdfsdfdsfdsf	Hoodies	99.99	Kawaii_Anime_Girl_Harajuku_Hoodie.jpg	2023-08-27 21:13:21.662241+03
a51c535d-0e92-4192-889e-e9be9e6fa66e	Gojo Hoodie	sdfdsfdsfdsfdsfdsfdsf	sdfsdfdsfdsf	Hoodies	99.99	Gojo_Hoodie.jpg	2023-08-27 21:13:17.482011+03
74143c8c-d2bb-4c34-9e97-43f623168aa8	Nike Air Max 97	Верхняя часть кроссовок Nike Air Max 97 выполнена из синтетического материала и текстиля, создавая прочную и дышащую оболочку. Они имеют застежку на шнуровке, которая позволяет регулировать посадку и обеспечивает надежную фиксацию на ноге.\r\n\r\nОдним из основных преимуществ Nike Air Max 97 является видимая амортизация. Кроссовки оснащены промежуточной подошвой с системой воздушных камер Air Max, которые поглощают удары и обеспечивают максимальную амортизацию при ходьбе и беге. Это создает ощущение легкости и комфорта даже во время интенсивных тренировок.	Nike Air Max 97 - это легендарные кроссовки, которые считаются одними из самых узнаваемых и инновационных моделей в истории обуви. Вдохновленные дизайном японских поездов, эти кроссовки обладают уникальным внешним видом и передовыми технологиями, которые делают их идеальным выбором для всех, кто ценит комфорт и стиль. Nike Air Max 97 предлагают непревзойденное сочетание комфорта, функциональности и эстетики.	Sneakers	99.99	Nike_Air_Max_97.webp	2023-08-27 21:13:09.132025+03
689e5f3a-e9af-4ddf-b063-0c84e3de2521	HooMeelanz Unisex Hoodie	sdfdsfdsfdsfdsfdsfdsf	sdfsdfdsfdsf	Hoodies	99.99	HooMeelanz_Unisex_Hoodie.jpg	2023-08-27 21:13:19.583392+03
6684206c-b3b2-4ecf-b1cd-36b0fe0f5e90	Attack On Titan Hoodie Anime Oversized	sdfdsfdsfdsfdsfdsfdsf	sdfsdfdsfdsf	Hoodies	99.99	Attack_On_Titan_Hoodie_Anime_Oversized.jpg	2023-08-27 21:13:23.731769+03
357d3b96-11d6-4f4b-9e59-cb7368918e77	Japanesse Hoodie	sdfdsfdsfdsfdsfdsfdsf	sdfsdfdsfdsf	Hoodies	99.99	Japanesse_Hoodie.jpg	2023-08-27 21:13:15.390962+03
1aa353ef-1d0f-4297-8c8b-5e077d924f6e	Itachi Hoodie	sdfdsfdsfdsfdsfdsfdsf	sdfsdfdsfdsf	Hoodies	99.99	Itachi_Hoodie.jpg	2023-08-27 21:13:25.821921+03
b3bc5fbc-b6e4-481b-bcf7-64f2ba2ea089	Nike Run Swift 2	Верхняя часть кроссовок выполнена из дышащего текстильного материала, который обеспечивает отличную вентиляцию и комфорт во время бега. Сетчатые вставки способствуют еще более эффективному распределению воздуха, помогая ногам оставаться прохладными и сухими даже при интенсивной нагрузке.\r\n\r\nNike Run Swift 2 оснащены амортизирующей промежуточной подошвой из пеноматериала, которая смягчает удары при каждом шаге и обеспечивает комфортную амортизацию. Это помогает снизить риск травм и усталости ног во время бега на различных поверхностях.\r\n\r\nКроссовки Nike Run Swift 2 имеют прочную резиновую подошву с протектором, который обеспечивает отличное сцепление с поверхностью и хорошую износостойкость. Это позволяет вам чувствовать себя уверенно и безопасно на любом типе трассы.	Nike Run Swift 2 - это легкие и функциональные кроссовки, созданные для активных любителей бега. Они сочетают в себе комфорт, поддержку и стильный дизайн, позволяя вам достичь своих беговых целей с максимальным комфортом.	Sneakers	99.99	Nike_Run_Swift_2.webp	2023-08-27 21:13:04.960963+03
78dc6e27-25fa-4368-a453-62d267e82724	Nike Air More Uptempo '96	Верхняя часть кроссовок Nike Air More Uptempo '96 выполнена из прочной и дышащей натуральной кожи, которая обеспечивает долговечность и комфорт. Уникальной особенностью этих кроссовок является их дизайн, основанный на выразительных "AIR" буквах, которые занимают большую часть боковой стороны кроссовок, подчеркивая их индивидуальность и стиль.\r\n\r\nNike Air More Uptempo '96 обладает превосходной амортизацией благодаря промежуточной подошве с технологией Air-Sole. Эта видимая воздушная подушка простирается по всей длине подошвы, обеспечивая максимальную амортизацию и смягчение ударов при ходьбе и беге. Это делает эти кроссовки идеальными для спортивных тренировок или активного образа жизни.	Nike Air More Uptempo '96 - это классические кроссовки, которые привлекают внимание своим уникальным дизайном и выдающейся амортизацией. Эта модель представляет собой символ стиля и эстетики, привлекая любителей обуви и спорта со всего мира.	Sneakers	99.99	Nike_Air_More_Uptempo_96.webp	2023-08-27 21:13:11.210873+03
21c9b01c-66ab-485b-a68a-814bff95ebca	Nike Air Huarache	Верхняя часть кроссовок Nike Air Huarache выполнена из качественного синтетического материала и текстиля, обеспечивая легкость, гибкость и вентиляцию. Они обладают уникальной конструкцией, включающей в себя внешний скелет, который обеспечивает отличную поддержку и посадку на ноге. Технология Dynamic Fit позволяет кроссовкам идеально облегать форму стопы, создавая ощущение индивидуальной посадки.\r\n\r\nNike Air Huarache оснащены съемной вставкой из пеноматериала, которая обеспечивает амортизацию и комфорт при каждом шаге. Они также имеют систему вентиляции в виде отверстий и сетчатых панелей, которые позволяют воздуху свободно циркулировать, предотвращая излишнюю потливость и дискомфорт.\r\n\r\nКроссовки Nike Air Huarache имеют прочную резиновую подошву с рифленым протектором, который обеспечивает отличное сцепление с поверхностью и устойчивость на различных типах грунта. Это делает их идеальными для активных тренировок и повседневной носки.	Nike Air Huarache - это икона стиля и инновации в мире спортивной обуви. Эти кроссовки являются символом комфорта и уникального дизайна, предлагая непревзойденное сочетание функциональности и эстетики. Дизайн Nike Air Huarache впечатляет своей смелостью и узнаваемостью. Характерный каркас вокруг задника и логотип Nike на язычке придают этим кроссовкам неповторимый вид.	Sneakers	99.99	Nike_Air_Huarache.webp	2023-08-27 21:13:07.043777+03
05f3cb87-8d3d-4ee3-8e8a-a65531fca527	Nike Renew Elevate III	Верхняя часть кроссовок Nike Renew Elevate III изготовлена из синтетического материала и текстиля, обеспечивая легкость и дышащие свойства. Они имеют поддерживающую конструкцию в виде перекрещивающихся ремешков и застежку на шнуровке, которые позволяют вам настроить посадку и обеспечить надежную фиксацию на ноге.\r\n\r\nКроссовки Nike Renew Elevate III оснащены амортизирующей промежуточной подошвой с технологией Nike Renew, которая обеспечивает мягкую и отзывчивую амортизацию при каждом шаге. Это позволяет снизить нагрузку на ноги и суставы, предотвращая усталость и повышая комфорт во время длительных тренировок или игр.	Nike Renew Elevate III - это легкие и удобные баскетбольные кроссовки, специально разработанные для игроков, стремящихся к максимальной поддержке, амортизации и отзывчивости на баскетбольном поле. Эти кроссовки сочетают в себе инновационные технологии и стильный дизайн, чтобы помочь вам достичь новых высот в игре.	Sneakers	99.99	Nike_Renew_Elevate_III.webp	2023-08-27 21:13:13.302356+03
fef60cd0-84e7-4e07-8843-08164f93158a	Puma Rider	Верхняя часть кроссовок выполнена из легких и дышащих материалов, обеспечивающих комфорт и вентиляцию в течение всего дня. Дизайн Puma Rider включает в себя контрастные цветовые блоки и элегантные линии, подчеркивающие их спортивный характер. Эти кроссовки станут стильным дополнением к вашему гардеробу и привлекательным акцентом любого наряда.\r\n\r\nPuma Rider оснащены прочной подошвой из резины, обеспечивающей отличное сцепление с поверхностью и долговечность. Они также имеют современные технологии амортизации, такие как удобная вставка из пеноматериала и амортизационная подошва, которые обеспечивают амортизацию и поддержку во время движения. Это позволяет вам чувствовать себя комфортно и уверенно на протяжении всего дня.	Puma Rider - это стильные и комфортные кроссовки, которые сочетают в себе эстетику ретро-беговых моделей с современными технологиями. Эти кроссовки являются одновременно иконичными и функциональными, и подойдут как для повседневного ношения, так и для активного образа жизни.	Sneakers	99.99	Puma_Rider_Hh2dOYl.jpg	2023-08-27 21:12:54.542281+03
\.


--
-- Data for Name: users_customuser; Type: TABLE DATA; Schema: public; Owner: deopi
--

COPY public.users_customuser (password, last_login, is_superuser, username, first_name, last_name, email, is_staff, is_active, date_joined, id, profile_picture) FROM stdin;
staff	\N	t	staff				t	t	2023-08-29 17:55:42+03	1	
pbkdf2_sha256$390000$nTDjpfozA3sSrvhq0xehpw$oQBRHG9V8so1pT/zIHoW+mNMxOa6YQvQxd3RDdgcIKM=	2023-09-01 13:23:27.838453+03	t	admin				t	t	2023-08-27 21:11:59.983122+03	961801227730	
\.


--
-- Data for Name: users_customuser_groups; Type: TABLE DATA; Schema: public; Owner: deopi
--

COPY public.users_customuser_groups (id, customuser_id, group_id) FROM stdin;
1	1	1
\.


--
-- Data for Name: users_customuser_user_permissions; Type: TABLE DATA; Schema: public; Owner: deopi
--

COPY public.users_customuser_user_permissions (id, customuser_id, permission_id) FROM stdin;
\.


--
-- Name: auth_group_id_seq; Type: SEQUENCE SET; Schema: public; Owner: deopi
--

SELECT pg_catalog.setval('public.auth_group_id_seq', 1, true);


--
-- Name: auth_group_permissions_id_seq; Type: SEQUENCE SET; Schema: public; Owner: deopi
--

SELECT pg_catalog.setval('public.auth_group_permissions_id_seq', 36, true);


--
-- Name: auth_permission_id_seq; Type: SEQUENCE SET; Schema: public; Owner: deopi
--

SELECT pg_catalog.setval('public.auth_permission_id_seq', 52, true);


--
-- Name: django_admin_log_id_seq; Type: SEQUENCE SET; Schema: public; Owner: deopi
--

SELECT pg_catalog.setval('public.django_admin_log_id_seq', 39, true);


--
-- Name: django_content_type_id_seq; Type: SEQUENCE SET; Schema: public; Owner: deopi
--

SELECT pg_catalog.setval('public.django_content_type_id_seq', 13, true);


--
-- Name: django_migrations_id_seq; Type: SEQUENCE SET; Schema: public; Owner: deopi
--

SELECT pg_catalog.setval('public.django_migrations_id_seq', 50, true);


--
-- Name: users_customuser_groups_id_seq; Type: SEQUENCE SET; Schema: public; Owner: deopi
--

SELECT pg_catalog.setval('public.users_customuser_groups_id_seq', 1, true);


--
-- Name: users_customuser_user_permissions_id_seq; Type: SEQUENCE SET; Schema: public; Owner: deopi
--

SELECT pg_catalog.setval('public.users_customuser_user_permissions_id_seq', 1, false);


--
-- Name: auth_group auth_group_name_key; Type: CONSTRAINT; Schema: public; Owner: deopi
--

ALTER TABLE ONLY public.auth_group
    ADD CONSTRAINT auth_group_name_key UNIQUE (name);


--
-- Name: auth_group_permissions auth_group_permissions_group_id_permission_id_0cd325b0_uniq; Type: CONSTRAINT; Schema: public; Owner: deopi
--

ALTER TABLE ONLY public.auth_group_permissions
    ADD CONSTRAINT auth_group_permissions_group_id_permission_id_0cd325b0_uniq UNIQUE (group_id, permission_id);


--
-- Name: auth_group_permissions auth_group_permissions_pkey; Type: CONSTRAINT; Schema: public; Owner: deopi
--

ALTER TABLE ONLY public.auth_group_permissions
    ADD CONSTRAINT auth_group_permissions_pkey PRIMARY KEY (id);


--
-- Name: auth_group auth_group_pkey; Type: CONSTRAINT; Schema: public; Owner: deopi
--

ALTER TABLE ONLY public.auth_group
    ADD CONSTRAINT auth_group_pkey PRIMARY KEY (id);


--
-- Name: auth_permission auth_permission_content_type_id_codename_01ab375a_uniq; Type: CONSTRAINT; Schema: public; Owner: deopi
--

ALTER TABLE ONLY public.auth_permission
    ADD CONSTRAINT auth_permission_content_type_id_codename_01ab375a_uniq UNIQUE (content_type_id, codename);


--
-- Name: auth_permission auth_permission_pkey; Type: CONSTRAINT; Schema: public; Owner: deopi
--

ALTER TABLE ONLY public.auth_permission
    ADD CONSTRAINT auth_permission_pkey PRIMARY KEY (id);


--
-- Name: authtoken_token authtoken_token_pkey; Type: CONSTRAINT; Schema: public; Owner: deopi
--

ALTER TABLE ONLY public.authtoken_token
    ADD CONSTRAINT authtoken_token_pkey PRIMARY KEY (key);


--
-- Name: authtoken_token authtoken_token_user_id_key; Type: CONSTRAINT; Schema: public; Owner: deopi
--

ALTER TABLE ONLY public.authtoken_token
    ADD CONSTRAINT authtoken_token_user_id_key UNIQUE (user_id);


--
-- Name: django_admin_log django_admin_log_pkey; Type: CONSTRAINT; Schema: public; Owner: deopi
--

ALTER TABLE ONLY public.django_admin_log
    ADD CONSTRAINT django_admin_log_pkey PRIMARY KEY (id);


--
-- Name: django_content_type django_content_type_app_label_model_76bd3d3b_uniq; Type: CONSTRAINT; Schema: public; Owner: deopi
--

ALTER TABLE ONLY public.django_content_type
    ADD CONSTRAINT django_content_type_app_label_model_76bd3d3b_uniq UNIQUE (app_label, model);


--
-- Name: django_content_type django_content_type_pkey; Type: CONSTRAINT; Schema: public; Owner: deopi
--

ALTER TABLE ONLY public.django_content_type
    ADD CONSTRAINT django_content_type_pkey PRIMARY KEY (id);


--
-- Name: django_migrations django_migrations_pkey; Type: CONSTRAINT; Schema: public; Owner: deopi
--

ALTER TABLE ONLY public.django_migrations
    ADD CONSTRAINT django_migrations_pkey PRIMARY KEY (id);


--
-- Name: django_session django_session_pkey; Type: CONSTRAINT; Schema: public; Owner: deopi
--

ALTER TABLE ONLY public.django_session
    ADD CONSTRAINT django_session_pkey PRIMARY KEY (session_key);


--
-- Name: products_cartitem products_cartitem_pkey; Type: CONSTRAINT; Schema: public; Owner: deopi
--

ALTER TABLE ONLY public.products_cartitem
    ADD CONSTRAINT products_cartitem_pkey PRIMARY KEY (id);


--
-- Name: products_favorite products_favorite_pkey; Type: CONSTRAINT; Schema: public; Owner: deopi
--

ALTER TABLE ONLY public.products_favorite
    ADD CONSTRAINT products_favorite_pkey PRIMARY KEY (id);


--
-- Name: products_order products_order_pkey; Type: CONSTRAINT; Schema: public; Owner: deopi
--

ALTER TABLE ONLY public.products_order
    ADD CONSTRAINT products_order_pkey PRIMARY KEY (id);


--
-- Name: products_orderitem products_orderitem_pkey; Type: CONSTRAINT; Schema: public; Owner: deopi
--

ALTER TABLE ONLY public.products_orderitem
    ADD CONSTRAINT products_orderitem_pkey PRIMARY KEY (id);


--
-- Name: products_product products_product_pkey; Type: CONSTRAINT; Schema: public; Owner: deopi
--

ALTER TABLE ONLY public.products_product
    ADD CONSTRAINT products_product_pkey PRIMARY KEY (id);


--
-- Name: products_product products_product_title_key; Type: CONSTRAINT; Schema: public; Owner: deopi
--

ALTER TABLE ONLY public.products_product
    ADD CONSTRAINT products_product_title_key UNIQUE (title);


--
-- Name: users_customuser_groups users_customuser_groups_customuser_id_group_id_76b619e3_uniq; Type: CONSTRAINT; Schema: public; Owner: deopi
--

ALTER TABLE ONLY public.users_customuser_groups
    ADD CONSTRAINT users_customuser_groups_customuser_id_group_id_76b619e3_uniq UNIQUE (customuser_id, group_id);


--
-- Name: users_customuser_groups users_customuser_groups_pkey; Type: CONSTRAINT; Schema: public; Owner: deopi
--

ALTER TABLE ONLY public.users_customuser_groups
    ADD CONSTRAINT users_customuser_groups_pkey PRIMARY KEY (id);


--
-- Name: users_customuser users_customuser_pkey; Type: CONSTRAINT; Schema: public; Owner: deopi
--

ALTER TABLE ONLY public.users_customuser
    ADD CONSTRAINT users_customuser_pkey PRIMARY KEY (id);


--
-- Name: users_customuser_user_permissions users_customuser_user_pe_customuser_id_permission_7a7debf6_uniq; Type: CONSTRAINT; Schema: public; Owner: deopi
--

ALTER TABLE ONLY public.users_customuser_user_permissions
    ADD CONSTRAINT users_customuser_user_pe_customuser_id_permission_7a7debf6_uniq UNIQUE (customuser_id, permission_id);


--
-- Name: users_customuser_user_permissions users_customuser_user_permissions_pkey; Type: CONSTRAINT; Schema: public; Owner: deopi
--

ALTER TABLE ONLY public.users_customuser_user_permissions
    ADD CONSTRAINT users_customuser_user_permissions_pkey PRIMARY KEY (id);


--
-- Name: users_customuser users_customuser_username_key; Type: CONSTRAINT; Schema: public; Owner: deopi
--

ALTER TABLE ONLY public.users_customuser
    ADD CONSTRAINT users_customuser_username_key UNIQUE (username);


--
-- Name: auth_group_name_a6ea08ec_like; Type: INDEX; Schema: public; Owner: deopi
--

CREATE INDEX auth_group_name_a6ea08ec_like ON public.auth_group USING btree (name varchar_pattern_ops);


--
-- Name: auth_group_permissions_group_id_b120cbf9; Type: INDEX; Schema: public; Owner: deopi
--

CREATE INDEX auth_group_permissions_group_id_b120cbf9 ON public.auth_group_permissions USING btree (group_id);


--
-- Name: auth_group_permissions_permission_id_84c5c92e; Type: INDEX; Schema: public; Owner: deopi
--

CREATE INDEX auth_group_permissions_permission_id_84c5c92e ON public.auth_group_permissions USING btree (permission_id);


--
-- Name: auth_permission_content_type_id_2f476e4b; Type: INDEX; Schema: public; Owner: deopi
--

CREATE INDEX auth_permission_content_type_id_2f476e4b ON public.auth_permission USING btree (content_type_id);


--
-- Name: authtoken_token_key_10f0b77e_like; Type: INDEX; Schema: public; Owner: deopi
--

CREATE INDEX authtoken_token_key_10f0b77e_like ON public.authtoken_token USING btree (key varchar_pattern_ops);


--
-- Name: django_admin_log_content_type_id_c4bce8eb; Type: INDEX; Schema: public; Owner: deopi
--

CREATE INDEX django_admin_log_content_type_id_c4bce8eb ON public.django_admin_log USING btree (content_type_id);


--
-- Name: django_admin_log_user_id_c564eba6; Type: INDEX; Schema: public; Owner: deopi
--

CREATE INDEX django_admin_log_user_id_c564eba6 ON public.django_admin_log USING btree (user_id);


--
-- Name: django_session_expire_date_a5c62663; Type: INDEX; Schema: public; Owner: deopi
--

CREATE INDEX django_session_expire_date_a5c62663 ON public.django_session USING btree (expire_date);


--
-- Name: django_session_session_key_c0390e0f_like; Type: INDEX; Schema: public; Owner: deopi
--

CREATE INDEX django_session_session_key_c0390e0f_like ON public.django_session USING btree (session_key varchar_pattern_ops);


--
-- Name: products_cartitem_product_id_e735c06a; Type: INDEX; Schema: public; Owner: deopi
--

CREATE INDEX products_cartitem_product_id_e735c06a ON public.products_cartitem USING btree (product_id);


--
-- Name: products_cartitem_user_id_c496ef06; Type: INDEX; Schema: public; Owner: deopi
--

CREATE INDEX products_cartitem_user_id_c496ef06 ON public.products_cartitem USING btree (user_id);


--
-- Name: products_favorite_product_id_f8265054; Type: INDEX; Schema: public; Owner: deopi
--

CREATE INDEX products_favorite_product_id_f8265054 ON public.products_favorite USING btree (product_id);


--
-- Name: products_favorite_user_id_cd8466da; Type: INDEX; Schema: public; Owner: deopi
--

CREATE INDEX products_favorite_user_id_cd8466da ON public.products_favorite USING btree (user_id);


--
-- Name: products_order_customer_id_6cb09035; Type: INDEX; Schema: public; Owner: deopi
--

CREATE INDEX products_order_customer_id_6cb09035 ON public.products_order USING btree (customer_id);


--
-- Name: products_orderitem_order_id_09ecb3c7; Type: INDEX; Schema: public; Owner: deopi
--

CREATE INDEX products_orderitem_order_id_09ecb3c7 ON public.products_orderitem USING btree (order_id);


--
-- Name: products_orderitem_product_id_60e2b174; Type: INDEX; Schema: public; Owner: deopi
--

CREATE INDEX products_orderitem_product_id_60e2b174 ON public.products_orderitem USING btree (product_id);


--
-- Name: products_product_title_659cf449_like; Type: INDEX; Schema: public; Owner: deopi
--

CREATE INDEX products_product_title_659cf449_like ON public.products_product USING btree (title varchar_pattern_ops);


--
-- Name: users_customuser_groups_customuser_id_958147bf; Type: INDEX; Schema: public; Owner: deopi
--

CREATE INDEX users_customuser_groups_customuser_id_958147bf ON public.users_customuser_groups USING btree (customuser_id);


--
-- Name: users_customuser_groups_group_id_01390b14; Type: INDEX; Schema: public; Owner: deopi
--

CREATE INDEX users_customuser_groups_group_id_01390b14 ON public.users_customuser_groups USING btree (group_id);


--
-- Name: users_customuser_user_permissions_customuser_id_5771478b; Type: INDEX; Schema: public; Owner: deopi
--

CREATE INDEX users_customuser_user_permissions_customuser_id_5771478b ON public.users_customuser_user_permissions USING btree (customuser_id);


--
-- Name: users_customuser_user_permissions_permission_id_baaa2f74; Type: INDEX; Schema: public; Owner: deopi
--

CREATE INDEX users_customuser_user_permissions_permission_id_baaa2f74 ON public.users_customuser_user_permissions USING btree (permission_id);


--
-- Name: users_customuser_username_80452fdf_like; Type: INDEX; Schema: public; Owner: deopi
--

CREATE INDEX users_customuser_username_80452fdf_like ON public.users_customuser USING btree (username varchar_pattern_ops);


--
-- Name: auth_group_permissions auth_group_permissio_permission_id_84c5c92e_fk_auth_perm; Type: FK CONSTRAINT; Schema: public; Owner: deopi
--

ALTER TABLE ONLY public.auth_group_permissions
    ADD CONSTRAINT auth_group_permissio_permission_id_84c5c92e_fk_auth_perm FOREIGN KEY (permission_id) REFERENCES public.auth_permission(id) DEFERRABLE INITIALLY DEFERRED;


--
-- Name: auth_group_permissions auth_group_permissions_group_id_b120cbf9_fk_auth_group_id; Type: FK CONSTRAINT; Schema: public; Owner: deopi
--

ALTER TABLE ONLY public.auth_group_permissions
    ADD CONSTRAINT auth_group_permissions_group_id_b120cbf9_fk_auth_group_id FOREIGN KEY (group_id) REFERENCES public.auth_group(id) DEFERRABLE INITIALLY DEFERRED;


--
-- Name: auth_permission auth_permission_content_type_id_2f476e4b_fk_django_co; Type: FK CONSTRAINT; Schema: public; Owner: deopi
--

ALTER TABLE ONLY public.auth_permission
    ADD CONSTRAINT auth_permission_content_type_id_2f476e4b_fk_django_co FOREIGN KEY (content_type_id) REFERENCES public.django_content_type(id) DEFERRABLE INITIALLY DEFERRED;


--
-- Name: authtoken_token authtoken_token_user_id_35299eff_fk_users_customuser_id; Type: FK CONSTRAINT; Schema: public; Owner: deopi
--

ALTER TABLE ONLY public.authtoken_token
    ADD CONSTRAINT authtoken_token_user_id_35299eff_fk_users_customuser_id FOREIGN KEY (user_id) REFERENCES public.users_customuser(id) DEFERRABLE INITIALLY DEFERRED;


--
-- Name: django_admin_log django_admin_log_content_type_id_c4bce8eb_fk_django_co; Type: FK CONSTRAINT; Schema: public; Owner: deopi
--

ALTER TABLE ONLY public.django_admin_log
    ADD CONSTRAINT django_admin_log_content_type_id_c4bce8eb_fk_django_co FOREIGN KEY (content_type_id) REFERENCES public.django_content_type(id) DEFERRABLE INITIALLY DEFERRED;


--
-- Name: django_admin_log django_admin_log_user_id_c564eba6_fk_users_customuser_id; Type: FK CONSTRAINT; Schema: public; Owner: deopi
--

ALTER TABLE ONLY public.django_admin_log
    ADD CONSTRAINT django_admin_log_user_id_c564eba6_fk_users_customuser_id FOREIGN KEY (user_id) REFERENCES public.users_customuser(id) DEFERRABLE INITIALLY DEFERRED;


--
-- Name: products_cartitem products_cartitem_product_id_e735c06a_fk_products_product_id; Type: FK CONSTRAINT; Schema: public; Owner: deopi
--

ALTER TABLE ONLY public.products_cartitem
    ADD CONSTRAINT products_cartitem_product_id_e735c06a_fk_products_product_id FOREIGN KEY (product_id) REFERENCES public.products_product(id) DEFERRABLE INITIALLY DEFERRED;


--
-- Name: products_cartitem products_cartitem_user_id_c496ef06_fk_users_customuser_id; Type: FK CONSTRAINT; Schema: public; Owner: deopi
--

ALTER TABLE ONLY public.products_cartitem
    ADD CONSTRAINT products_cartitem_user_id_c496ef06_fk_users_customuser_id FOREIGN KEY (user_id) REFERENCES public.users_customuser(id) DEFERRABLE INITIALLY DEFERRED;


--
-- Name: products_favorite products_favorite_product_id_f8265054_fk_products_product_id; Type: FK CONSTRAINT; Schema: public; Owner: deopi
--

ALTER TABLE ONLY public.products_favorite
    ADD CONSTRAINT products_favorite_product_id_f8265054_fk_products_product_id FOREIGN KEY (product_id) REFERENCES public.products_product(id) DEFERRABLE INITIALLY DEFERRED;


--
-- Name: products_favorite products_favorite_user_id_cd8466da_fk_users_customuser_id; Type: FK CONSTRAINT; Schema: public; Owner: deopi
--

ALTER TABLE ONLY public.products_favorite
    ADD CONSTRAINT products_favorite_user_id_cd8466da_fk_users_customuser_id FOREIGN KEY (user_id) REFERENCES public.users_customuser(id) DEFERRABLE INITIALLY DEFERRED;


--
-- Name: products_order products_order_customer_id_6cb09035_fk_users_customuser_id; Type: FK CONSTRAINT; Schema: public; Owner: deopi
--

ALTER TABLE ONLY public.products_order
    ADD CONSTRAINT products_order_customer_id_6cb09035_fk_users_customuser_id FOREIGN KEY (customer_id) REFERENCES public.users_customuser(id) DEFERRABLE INITIALLY DEFERRED;


--
-- Name: products_orderitem products_orderitem_order_id_09ecb3c7_fk_products_order_id; Type: FK CONSTRAINT; Schema: public; Owner: deopi
--

ALTER TABLE ONLY public.products_orderitem
    ADD CONSTRAINT products_orderitem_order_id_09ecb3c7_fk_products_order_id FOREIGN KEY (order_id) REFERENCES public.products_order(id) DEFERRABLE INITIALLY DEFERRED;


--
-- Name: products_orderitem products_orderitem_product_id_60e2b174_fk_products_product_id; Type: FK CONSTRAINT; Schema: public; Owner: deopi
--

ALTER TABLE ONLY public.products_orderitem
    ADD CONSTRAINT products_orderitem_product_id_60e2b174_fk_products_product_id FOREIGN KEY (product_id) REFERENCES public.products_product(id) DEFERRABLE INITIALLY DEFERRED;


--
-- Name: users_customuser_groups users_customuser_gro_customuser_id_958147bf_fk_users_cus; Type: FK CONSTRAINT; Schema: public; Owner: deopi
--

ALTER TABLE ONLY public.users_customuser_groups
    ADD CONSTRAINT users_customuser_gro_customuser_id_958147bf_fk_users_cus FOREIGN KEY (customuser_id) REFERENCES public.users_customuser(id) DEFERRABLE INITIALLY DEFERRED;


--
-- Name: users_customuser_groups users_customuser_groups_group_id_01390b14_fk_auth_group_id; Type: FK CONSTRAINT; Schema: public; Owner: deopi
--

ALTER TABLE ONLY public.users_customuser_groups
    ADD CONSTRAINT users_customuser_groups_group_id_01390b14_fk_auth_group_id FOREIGN KEY (group_id) REFERENCES public.auth_group(id) DEFERRABLE INITIALLY DEFERRED;


--
-- Name: users_customuser_user_permissions users_customuser_use_customuser_id_5771478b_fk_users_cus; Type: FK CONSTRAINT; Schema: public; Owner: deopi
--

ALTER TABLE ONLY public.users_customuser_user_permissions
    ADD CONSTRAINT users_customuser_use_customuser_id_5771478b_fk_users_cus FOREIGN KEY (customuser_id) REFERENCES public.users_customuser(id) DEFERRABLE INITIALLY DEFERRED;


--
-- Name: users_customuser_user_permissions users_customuser_use_permission_id_baaa2f74_fk_auth_perm; Type: FK CONSTRAINT; Schema: public; Owner: deopi
--

ALTER TABLE ONLY public.users_customuser_user_permissions
    ADD CONSTRAINT users_customuser_use_permission_id_baaa2f74_fk_auth_perm FOREIGN KEY (permission_id) REFERENCES public.auth_permission(id) DEFERRABLE INITIALLY DEFERRED;


--
-- PostgreSQL database dump complete
--

